"X","country","survey_id","year","n_rows","n_women","mCPR","mCPR_pct","se_mCPR","se_mCPR_pct","year_first","t_rel","y","n","year_center","p_hat","y_hat","pearson_resid","p_hat_clipped","logit_mCPR"
1,"Albania","AL2008DHS",2008,7584,7583.99985200005,0.0787881348444937,7.87881348444937,0.003888581891579,0.3888581891579,2008,0,598,7584,8,NA,NA,NA,0.0787881348444937,-2.45892763548445
2,"Albania","AL2017DHS",2017,10860,10970.089671,0.0281316859073467,2.81316859073467,0.0022050069264504,0.22050069264504,2008,9,309,10970,17,NA,NA,NA,0.0281316859073467,-3.54232376253025
3,"Angola","AO2015DHS",2015,14379,14379.000241,0.124655857497596,12.4655857497596,0.00386146400916668,0.386146400916668,2015,0,1792,14379,15,NA,NA,NA,0.124655857497596,-1.9490603143276
4,"Angola","AO2023DHS",2023,14717,14716.9999869999,0.139111969545999,13.9111969545999,0.00412627408969718,0.412627408969718,2015,8,2047,14717,23,NA,NA,NA,0.139111969545999,-1.82268530487811
5,"Armenia","AM2000DHS",2000,6430,6430.00021299979,0.144491391170042,14.4491391170042,0.00466217382531164,0.466217382531164,2000,0,929,6430,0,NA,NA,NA,0.144491391170042,-1.77847622710402
6,"Armenia","AM2005DHS",2005,6566,6566.00009800003,0.122794163260154,12.2794163260154,0.00515091657210338,0.515091657210338,2000,5,806,6566,5,NA,NA,NA,0.122794163260154,-1.96623218622313
7,"Armenia","AM2010DHS",2010,5922,5922.00002500003,0.169397569700279,16.9397569700279,0.00608717284797235,0.608717284797235,2000,10,1003,5922,10,NA,NA,NA,0.169397569700279,-1.58990282154961
8,"Armenia","AM2016DHS",2016,6116,6115.99998100002,0.181349671590196,18.1349671590196,0.00561251612353576,0.561251612353576,2000,16,1109,6116,16,NA,NA,NA,0.181349671590196,-1.50722998843539
9,"Bangladesh","BD1994DHS",1994,9493,9494.89886100117,0.34538425032301,34.538425032301,0.00503389295287494,0.503389295287494,1994,0,3279,9495,-6,NA,NA,NA,0.34538425032301,-0.639390855476191
10,"Bangladesh","BD1997DHS",1997,8981,8981.98395400022,0.394988881205925,39.4988881205925,0.00538821878691269,0.538821878691269,1994,3,3548,8982,-3,NA,NA,NA,0.394988881205925,-0.426389220374813
11,"Bangladesh","BD2000DHS",2000,10373,10357.8980259998,0.409561813637421,40.9561813637421,0.00516032332299615,0.516032332299615,1994,6,4242,10358,0,NA,NA,NA,0.409561813637421,-0.365777109038092
12,"Bangladesh","BD2004DHS",2004,11300,11290.4464170003,0.444745392745431,44.4745392745431,0.00518532785528814,0.518532785528814,1994,10,5021,11290,4,NA,NA,NA,0.444745392745431,-0.22192479307057
13,"Bangladesh","BD2007DHS",2007,10996,10995.9999450001,0.44416779905685,44.416779905685,0.00550240256127928,0.550240256127928,1994,13,4884,10996,7,NA,NA,NA,0.44416779905685,-0.224264034995934
14,"Bangladesh","BD2011DHS",2011,17749,17748.999437,0.487851860311031,48.7851860311031,0.00425608414508189,0.425608414508189,1994,17,8659,17749,11,NA,NA,NA,0.487851860311031,-0.0486021236885577
15,"Bangladesh","BD2014DHS",2014,17863,17862.9996979998,0.510129864583738,51.0129864583738,0.00496914680269651,0.496914680269651,1994,20,9112,17863,14,NA,NA,NA,0.510129864583738,0.0405250035273702
16,"Bangladesh","BD2017DHS",2017,20127,20127.0002830008,0.489543430439649,48.9543430439649,0.00391831821120818,0.391831821120818,1994,23,9853,20127,17,NA,NA,NA,0.489543430439649,-0.0418323775471869
17,"Bangladesh","BD2022DHS",2022,30078,20028.6062830012,0.520711393975091,52.0711393975091,0.00395566714707565,0.395566714707565,1994,28,10429,20029,22,NA,NA,NA,0.520711393975091,0.0828930081961713
18,"Benin","BJ1996DHS",1996,5491,5491.00055100004,0.0335413654195421,3.35413654195421,0.00246931301778498,0.246931301778498,1996,0,184,5491,-4,NA,NA,NA,0.0335413654195421,-3.36085903279043
19,"Benin","BJ2001DHS",2001,6219,6218.99987499994,0.0695093249217995,6.95093249217995,0.00325103928235206,0.325103928235206,1996,5,432,6219,1,NA,NA,NA,0.0695093249217995,-2.59425113951508
20,"Benin","BJ2006DHS",2006,17794,17794.0000529997,0.0685032962442029,6.85032962442029,0.00196292378941792,0.196292378941792,1996,10,1219,17794,6,NA,NA,NA,0.0685032962442029,-2.6099107869305
21,"Benin","BJ2012DHS",2012,16599,16599.0000870003,0.0895049630828992,8.95049630828992,0.00237443360108904,0.237443360108904,1996,16,1486,16599,12,NA,NA,NA,0.0895049630828992,-2.31969437102704
22,"Benin","BJ2017DHS",2017,15928,15928.000005,0.116720137394299,11.6720137394299,0.00273304661562655,0.273304661562655,1996,21,1859,15928,17,NA,NA,NA,0.116720137394299,-2.02386301423962
23,"Bolivia","BO1989DHS",1989,7923,7923.00033700036,0.0802754319004343,8.02754319004343,0.00370177561791671,0.370177561791671,1989,0,636,7923,-11,NA,NA,NA,0.0802754319004343,-2.43861062249684
24,"Bolivia","BO1994DHS",1994,8603,8602.99687500065,0.118800637132616,11.8800637132616,0.0038179567800866,0.38179567800866,1989,5,1022,8603,-6,NA,NA,NA,0.118800637132616,-2.00383712191622
25,"Bolivia","BO1998DHS",1998,11187,11186.929184,0.164713947026272,16.4713947026272,0.00401753906809652,0.401753906809652,1989,9,1843,11187,-2,NA,NA,NA,0.164713947026272,-1.62356392959946
26,"Bolivia","BO2003DHS",2003,17654,17654.0002540005,0.236900110333478,23.6900110333478,0.00410500349224333,0.410500349224333,1989,14,4182,17654,3,NA,NA,NA,0.236900110333478,-1.16975036280646
27,"Bolivia","BO2008DHS",2008,16939,16939.0000620006,0.239682537052928,23.9682537052928,0.00399012576852318,0.399012576852319,1989,19,4060,16939,8,NA,NA,NA,0.239682537052928,-1.15442077502579
28,"Brazil","BR1986DHS",1986,5892,5892.09180000027,0.372995856921289,37.2995856921289,0.00667294389041542,0.667294389041542,1986,0,2198,5892,-14,NA,NA,NA,0.372995856921289,-0.519385836259628
29,"Brazil","BR1991DHS",1991,6223,6223.003282,0.356976301527202,35.6976301527202,0.00785750802373179,0.785750802373179,1986,5,2221,6223,-9,NA,NA,NA,0.356976301527202,-0.588512182359731
30,"Brazil","BR1996DHS",1996,12612,12611.9987500008,0.51012992044576,51.012992044576,0.00496306916199211,0.496306916199211,1986,10,6434,12612,-4,NA,NA,NA,0.51012992044576,0.0405252270672123
31,"Burkina Faso","BF1993DHS",1993,6354,6354.00139499959,0.0402622432852042,4.02622432852042,0.00271458591153408,0.271458591153408,1993,0,256,6354,-7,NA,NA,NA,0.0402622432852042,-3.17124593844561
32,"Burkina Faso","BF1999DHS",1999,6445,6444.99919000077,0.0583039868465759,5.83039868465759,0.00300510031294355,0.300510031294355,1993,6,376,6445,-1,NA,NA,NA,0.0583039868465759,-2.78201204280079
33,"Burkina Faso","BF2003DHS",2003,12477,12476.9999200002,0.0981869029297853,9.81869029297853,0.00320482744510748,0.320482744510748,1993,10,1225,12477,3,NA,NA,NA,0.0981869029297853,-2.2175344540567
34,"Burkina Faso","BF2010DHS",2010,17087,17086.9995889995,0.142598207269148,14.2598207269148,0.00294968204304259,0.294968204304259,1993,17,2437,17087,10,NA,NA,NA,0.142598207269148,-1.79387570889769
35,"Burkina Faso","BF2021DHS",2021,17659,17658.9999879997,0.279405982804968,27.9405982804968,0.00380633718966045,0.380633718966045,1993,28,4934,17659,21,NA,NA,NA,0.279405982804968,-0.947410036107656
36,"Burundi","BU1987DHS",1987,3970,3970.00000000013,0.010268521410579,1.0268521410579,0.00168809812921667,0.168809812921667,1987,0,41,3970,-13,NA,NA,NA,0.010268521410579,-4.56835063072054
37,"Burundi","BU2010DHS",2010,9389,9389.00024700017,0.110031152499977,11.0031152499977,0.00361967243912747,0.361967243912747,1987,23,1033,9389,10,NA,NA,NA,0.110031152499977,-2.09042292906179
38,"Burundi","BU2016DHS",2016,17269,17268.9995069995,0.14574983802506,14.574983802506,0.00299713073494096,0.299713073494096,1987,29,2517,17269,16,NA,NA,NA,0.14574983802506,-1.76833236669644
39,"Cambodia","KH2000DHS",2000,15351,15351.000095,0.112036813325289,11.2036813325289,0.00290097882079036,0.290097882079036,2000,0,1720,15351,0,NA,NA,NA,0.112036813325289,-2.07010277799283
40,"Cambodia","KH2005DHS",2005,16823,16822.9915480001,0.164124884811478,16.4124884811478,0.00343286874278909,0.343286874278909,2000,5,2761,16823,5,NA,NA,NA,0.164124884811478,-1.62785158739144
41,"Cambodia","KH2010DHS",2010,18754,18754.000102,0.217158195150362,21.7158195150362,0.00372583298288722,0.372583298288722,2000,10,4073,18754,10,NA,NA,NA,0.217158195150362,-1.28230454049815
42,"Cambodia","KH2014DHS",2014,17578,17578.0000469992,0.26612201527435,26.612201527435,0.00416076442325412,0.416076442325412,2000,14,4678,17578,14,NA,NA,NA,0.26612201527435,-1.01438787380435
43,"Cambodia","KH2021DHS",2021,19496,19495.999819,0.311853461296957,31.1853461296957,0.00432140133153551,0.432140133153551,2000,21,6080,19496,21,NA,NA,NA,0.311853461296957,-0.791468405407428
44,"Cameroon","CM1991DHS",1991,3871,3871.13695400024,0.0420731451600278,4.20731451600278,0.00348430999437137,0.348430999437137,1991,0,163,3871,-9,NA,NA,NA,0.0420731451600278,-3.125361768144
45,"Cameroon","CM1998DHS",1998,5501,5500.99913399959,0.0801169229924177,8.01169229924177,0.00382214068313419,0.382214068313419,1991,7,441,5501,-2,NA,NA,NA,0.0801169229924177,-2.44075946668446
46,"Cameroon","CM2004DHS",2004,10656,10656.01375,0.139764568152889,13.9764568152889,0.00356572878024628,0.356572878024628,1991,13,1489,10656,4,NA,NA,NA,0.139764568152889,-1.81724675875669
47,"Cameroon","CM2011DHS",2011,15426,15425.9998540002,0.161493164953842,16.1493164953842,0.00333689731441952,0.333689731441952,1991,20,2491,15426,11,NA,NA,NA,0.161493164953842,-1.64715991324616
48,"Cameroon","CM2018DHS",2018,13527,13615.6721289998,0.163836351658967,16.3836351658967,0.00375092052346647,0.375092052346647,1991,27,2231,13616,18,NA,NA,NA,0.163836351658967,-1.62995627163525
49,"Chad","TD1997DHS",1997,7454,7453.99923000007,0.0122950183079103,1.22950183079103,0.00135447147513539,0.135447147513539,1997,0,92,7454,-3,NA,NA,NA,0.0122950183079103,-4.38618988691099
50,"Chad","TD2004DHS",2004,6085,6085.00012400006,0.0151026231926498,1.51026231926498,0.00200403166790787,0.200403166790787,1997,7,92,6085,4,NA,NA,NA,0.0151026231926498,-4.17766899966136
51,"Chad","TD2014DHS",2014,17719,17718.9999810006,0.0484411769242257,4.84411769242257,0.00198176841735004,0.198176841735004,1997,17,858,17719,14,NA,NA,NA,0.0484411769242257,-2.97775129131352
52,"Colombia","CO1986DHS",1986,5329,5331.125099,0.319172991517148,31.9172991517148,0.00655529374996215,0.655529374996215,1986,0,1702,5331,-14,NA,NA,NA,0.319172991517148,-0.757574999202577
53,"Colombia","CO1990DHS",1990,8644,8489.16416999981,0.330367677999572,33.0367677999572,0.00719988823938729,0.719988823938729,1986,4,2804,8489,-10,NA,NA,NA,0.330367677999572,-0.706522578636582
54,"Colombia","CO1995DHS",1995,11140,11140.0000539996,0.394672009487241,39.4672009487241,0.00519750768665302,0.519750768665302,1986,9,4397,11140,-5,NA,NA,NA,0.394672009487241,-0.427715379972395
55,"Colombia","CO2000DHS",2000,11585,11585.0003530001,0.438395977146851,43.8395977146851,0.00491104440375818,0.491104440375818,1986,14,5079,11585,0,NA,NA,NA,0.438395977146851,-0.247674456510418
56,"Colombia","CO2005DHS",2005,38143,38355.1295639991,0.494436557080494,49.4436557080494,0.00362080130305587,0.362080130305587,1986,19,18964,38355,5,NA,NA,NA,0.494436557080494,-0.0222546901415212
57,"Colombia","CO2010DHS",2010,49562,49818.0613120055,0.568917827743032,56.8917827743032,0.0028317740530273,0.28317740530273,1986,24,28342,49818,10,NA,NA,NA,0.568917827743032,0.277437281663124
58,"Colombia","CO2015DHS",2015,35979,36299.6668360001,0.614425073645046,61.4425073645046,0.00465770717227597,0.465770717227597,1986,29,22304,36300,15,NA,NA,NA,0.614425073645046,0.465951455360822
59,"Comoros","KM1996DHS",1996,3050,3050,0.0777049180327869,7.77049180327869,0.00484740470518376,0.484740470518376,1996,0,237,3050,-4,NA,NA,NA,0.0777049180327869,-2.47394666735473
60,"Comoros","KM2012DHS",2012,5329,5328.99986799998,0.0985179320706266,9.85179320706266,0.00493126609658676,0.493126609658676,1996,16,525,5329,12,NA,NA,NA,0.0985179320706266,-2.21380156798778
61,"Congo","CG2005DHS",2005,7051,7051.00018100009,0.135050114530693,13.5050114530693,0.00485697776707054,0.485697776707054,2005,0,952,7051,5,NA,NA,NA,0.135050114530693,-1.85702564108023
62,"Congo","CG2011DHS",2011,10819,10819.0000189999,0.222894903296517,22.2894903296517,0.00611698465611123,0.611698465611123,2005,6,2411,10819,11,NA,NA,NA,0.222894903296517,-1.24887522610925
63,"Congo Democratic Republic","CD2007DHS",2007,9995,9994.99998200028,0.0665464001198416,6.65464001198416,0.003558944346202,0.3558944346202,2007,0,665,9995,7,NA,NA,NA,0.0665464001198416,-2.64099180569513
64,"Congo Democratic Republic","CD2013DHS",2013,18827,18826.9998949995,0.0812112332568767,8.12112332568767,0.00273778565233261,0.273778565233261,2007,6,1529,18827,13,NA,NA,NA,0.0812112332568767,-2.42600266653003
65,"Congo Democratic Republic","CD2023DHS",2023,27583,27582.9996939992,0.0989393506970059,9.89393506970059,0.00275990217119136,0.275990217119136,2007,16,2729,27583,23,NA,NA,NA,0.0989393506970059,-2.20906552548016
66,"Cote d'Ivoire","CI1994DHS",1994,8099,8099.00078500041,0.0568253152725158,5.68253152725158,0.0026779563160145,0.26779563160145,1994,0,460,8099,-6,NA,NA,NA,0.0568253152725158,-2.80926959123771
67,"Cote d'Ivoire","CI1998DHS",1998,3040,3039.999681,0.0982251662282331,9.82251662282331,0.00619948716178268,0.619948716178268,1994,4,299,3040,-2,NA,NA,NA,0.0982251662282331,-2.21710240117098
68,"Cote d'Ivoire","CI2012DHS",2012,10060,10059.9998859999,0.13917434610993,13.917434610993,0.00439435244985656,0.439435244985656,1994,18,1400,10060,12,NA,NA,NA,0.13917434610993,-1.82216455561643
69,"Cote d'Ivoire","CI2021DHS",2021,14877,14876.9999340002,0.190186155243145,19.0186155243145,0.0043347821312947,0.43347821312947,1994,27,2829,14877,21,NA,NA,NA,0.190186155243145,-1.4488010430235
70,"Dominican Republic","DR1986DHS",1986,7645,7645.25216000059,0.291494504479473,29.1494504479473,0.00603533677838616,0.603533677838616,1986,0,2228,7645,-14,NA,NA,NA,0.291494504479473,-0.88813666260222
71,"Dominican Republic","DR1991DHS",1991,7320,7320.00007799991,0.338782235597682,33.8782235597682,0.00746734691581972,0.746734691581972,1986,5,2480,7320,-9,NA,NA,NA,0.338782235597682,-0.668725704395712
72,"Dominican Republic","DR1996DHS",1996,8422,8421.9996910001,0.413284115733185,41.3284115733185,0.006268723817529,0.6268723817529,1986,10,3481,8422,-4,NA,NA,NA,0.413284115733185,-0.350405401479897
73,"Dominican Republic","DR1999DHS",1999,1286,1286.00003700001,0.455730354695157,45.5730354695157,0.0161560207959215,1.61560207959215,1986,13,586,1286,-1,NA,NA,NA,0.455730354695157,-0.17754348837918
74,"Dominican Republic","DR2002DHS",2002,23384,23384.0030400002,0.482348022949959,48.2348022949959,0.00447143479128581,0.447143479128581,1986,16,11279,23384,2,NA,NA,NA,0.482348022949959,-0.0706372646634539
75,"Dominican Republic","DR2007DHS",2007,27195,27194.999861,0.51923270120145,51.923270120145,0.00463300632128893,0.463300632128893,1986,21,14121,27195,7,NA,NA,NA,0.51923270120145,0.0769687804687186
76,"Dominican Republic","DR2013DHS",2013,9372,9372.00000300001,0.525751817693423,52.5751817693423,0.00704900059052429,0.704900059052429,1986,27,4927,9372,13,NA,NA,NA,0.525751817693423,0.103098495877938
77,"Egypt","EG1988DHS",1988,8911,8911.00093699977,0.327184866056332,32.7184866056332,0.00511229711744444,0.511229711744444,1988,0,2916,8911,-12,NA,NA,NA,0.327184866056332,-0.720945251601898
78,"Egypt","EG1992DHS",1992,9864,9863.99961899987,0.41544197164269,41.544197164269,0.00554132576144576,0.554132576144576,1988,4,4098,9864,-8,NA,NA,NA,0.41544197164269,-0.341513109171803
79,"Egypt","EG1995DHS",1995,14779,14779.0002419995,0.422254256229426,42.2254256229426,0.00496935455369798,0.496935455369798,1988,7,6240,14779,-5,NA,NA,NA,0.422254256229426,-0.313526246704912
80,"Egypt","EG2000DHS",2000,15573,15573.0012169987,0.498327628879207,49.8327628879207,0.00432754135465081,0.432754135465081,1988,12,7760,15573,0,NA,NA,NA,0.498327628879207,-0.00668950942909745
81,"Egypt","EG2003DHS",2003,9159,9158.99939000006,0.522665698310528,52.2665698310528,0.00598078679398692,0.598078679398692,1988,15,4787,9159,3,NA,NA,NA,0.522665698310528,0.0907249719888382
82,"Egypt","EG2005DHS",2005,19474,19474.0009439988,0.528124158799002,52.8124158799002,0.00422332623744779,0.422332623744779,1988,17,10285,19474,5,NA,NA,NA,0.528124158799002,0.112615502624234
83,"Egypt","EG2008DHS",2008,16527,16526.9982689993,0.537127386928527,53.7127386928527,0.00423852927433604,0.423852927433604,1988,20,8877,16527,8,NA,NA,NA,0.537127386928527,0.148783403507858
84,"Egypt","EG2014DHS",2014,21762,21762.0015380042,0.534797998505597,53.4797998505597,0.00401372268521746,0.401372268521746,1988,26,11638,21762,14,NA,NA,NA,0.534797998505597,0.1394173796369
85,"Ethiopia","ET2000DHS",2000,15367,15366.9999969998,0.0468520159524021,4.68520159524021,0.00237910368811172,0.237910368811172,2000,0,720,15367,0,NA,NA,NA,0.0468520159524021,-3.01277613622308
86,"Ethiopia","ET2005DHS",2005,14070,14069.9998420001,0.0967667940504013,9.67667940504013,0.0032823801748548,0.32823801748548,2000,5,1362,14070,5,NA,NA,NA,0.0967667940504013,-2.23367687817739
87,"Ethiopia","ET2011DHS",2011,16515,16514.9998129998,0.186980810473233,18.6980810473233,0.0044806152988516,0.44806152988516,2000,11,3088,16515,11,NA,NA,NA,0.186980810473233,-1.46974871882439
88,"Ethiopia","ET2016DHS",2016,15683,15683.0003760002,0.248631842346132,24.8631842346132,0.00515720293677402,0.515720293677402,2000,16,3899,15683,16,NA,NA,NA,0.248631842346132,-1.10592249734072
89,"Ethiopia","ET2019DHS",2019,8885,8884.99989399998,0.280777731318228,28.0777731318228,0.00751442574239527,0.751442574239527,2000,19,2495,8885,19,NA,NA,NA,0.280777731318228,-0.940607081221593
90,"Gabon","GA2012DHS",2012,8422,8421.99987199985,0.239522791101752,23.9522791101752,0.00739339876118246,0.739339876118246,2012,0,2017,8422,12,NA,NA,NA,0.239522791101752,-1.15529756917482
91,"Gabon","GA2019DHS",2019,9507,9909.65931499998,0.171286150617783,17.1286150617783,0.00625964490655898,0.625964490655898,2012,7,1697,9910,19,NA,NA,NA,0.171286150617783,-1.57653936653154
92,"Gambia","GM2013DHS",2013,10233,10233.0004190001,0.0650776890190989,6.50776890190989,0.00317874312057256,0.317874312057256,2013,0,666,10233,13,NA,NA,NA,0.0650776890190989,-2.66488166410408
93,"Gambia","GM2019DHS",2019,11865,11864.99995,0.122295761745874,12.2295761745874,0.00384335972784206,0.384335972784206,2013,6,1451,11865,19,NA,NA,NA,0.122295761745874,-1.97086729088417
94,"Ghana","GH1988DHS",1988,4488,4488,0.0467914438502674,4.67914438502674,0.00315246856815958,0.315246856815958,1988,0,210,4488,-12,NA,NA,NA,0.0467914438502674,-3.01413335892488
95,"Ghana","GH1993DHS",1993,4562,4562,0.0927224901359053,9.27224901359053,0.00429422677494725,0.429422677494725,1988,5,423,4562,-7,NA,NA,NA,0.0927224901359053,-2.28083731270245
96,"Ghana","GH1998DHS",1998,4843,4842.99759100019,0.106571565296486,10.6571565296486,0.00463005200959589,0.463005200959589,1988,10,516,4843,-2,NA,NA,NA,0.106571565296486,-2.12624950183782
97,"Ghana","GH2003DHS",2003,5691,5690.99997600004,0.152681549053655,15.2681549053655,0.0052269268964856,0.52269268964856,1988,15,869,5691,3,NA,NA,NA,0.152681549053655,-1.71372222555524
98,"Ghana","GH2008DHS",2008,4916,4915.99985799994,0.134860519355208,13.4860519355208,0.00531160000029141,0.531160000029141,1988,20,663,4916,8,NA,NA,NA,0.134860519355208,-1.85864968886461
99,"Ghana","GH2014DHS",2014,9396,9396.00008300001,0.181640398246472,18.1640398246472,0.0048737491142812,0.48737491142812,1988,26,1707,9396,14,NA,NA,NA,0.181640398246472,-1.5052729522162
100,"Ghana","GH2022DHS",2022,15014,15014.0000489995,0.234376863828137,23.4376863828137,0.00447817602998914,0.447817602998914,1988,34,3519,15014,22,NA,NA,NA,0.234376863828137,-1.18375971031592
101,"Guatemala","GU1987DHS",1987,5160,5160,0.134108527131783,13.4108527131783,0.00474389509934919,0.474389509934919,1987,0,692,5160,-13,NA,NA,NA,0.134108527131783,-1.86511020457142
102,"Guatemala","GU1995DHS",1995,12403,12403.0010059995,0.183784969613193,18.3784969613193,0.00457270787382586,0.457270787382586,1987,8,2279,12403,-5,NA,NA,NA,0.183784969613193,-1.49091140707409
103,"Guatemala","GU1999DHS",1999,6021,6020.99981399951,0.217490592833972,21.7490592833972,0.00815350572356569,0.815350572356569,1987,12,1310,6021,-1,NA,NA,NA,0.217490592833972,-1.28035034602415
104,"Guatemala","GU2015DHS",2015,25914,25914.0001650018,0.322147069261597,32.2147069261597,0.00345125851846347,0.345125851846347,1987,28,8348,25914,15,NA,NA,NA,0.322147069261597,-0.743922169986464
105,"Guinea","GN1999DHS",1999,6753,6753.00077600018,0.0485969575431292,4.85969575431292,0.00263272827612085,0.263272827612085,1999,0,328,6753,-1,NA,NA,NA,0.0485969575431292,-2.97437685491296
106,"Guinea","GN2005DHS",2005,7954,7953.99992800004,0.0682980602108949,6.82980602108949,0.00308060458675913,0.308060458675913,1999,6,543,7954,5,NA,NA,NA,0.0682980602108949,-2.61313159128152
107,"Guinea","GN2012DHS",2012,9142,9141.99984000006,0.0703747785232947,7.03747785232947,0.00308844703282507,0.308844703282507,1999,13,643,9142,12,NA,NA,NA,0.0703747785232947,-2.5809465779051
108,"Guinea","GN2018DHS",2018,10874,10873.999956,0.114285827113167,11.4285827113167,0.00334671943356881,0.334671943356881,1999,19,1243,10874,18,NA,NA,NA,0.114285827113167,-2.04769172873969
109,"Haiti","HT1994DHS",1994,5356,5355.99933900053,0.0891974120536668,8.91974120536668,0.00392415739159738,0.392415739159738,1994,0,478,5356,-6,NA,NA,NA,0.0891974120536668,-2.32347414927087
110,"Haiti","HT2000DHS",2000,10159,10159.0003369999,0.157775462430327,15.7775462430327,0.00640360959466663,0.640360959466663,1994,6,1603,10159,0,NA,NA,NA,0.157775462430327,-1.67487375197565
111,"Haiti","HT2006DHS",2006,10757,10757.0002460004,0.179318761540161,17.9318761540161,0.00464818895909299,0.464818895909299,1994,12,1929,10757,6,NA,NA,NA,0.179318761540161,-1.52096976112231
112,"Haiti","HT2012DHS",2012,14287,14287.0003320005,0.216031695826793,21.6031695826793,0.00418814857723676,0.418814857723676,1994,18,3086,14287,12,NA,NA,NA,0.216031695826793,-1.28894345432489
113,"Haiti","HT2016DHS",2016,14371,14370.9999009999,0.222619542901631,22.2619542901631,0.00414922006518599,0.414922006518599,1994,22,3199,14371,16,NA,NA,NA,0.222619542901631,-1.25046565050839
114,"Honduras","HN2005DHS",2005,19948,19947.9999030003,0.377263359313938,37.7263359313938,0.00404758899892283,0.404758899892283,2005,0,7526,19948,5,NA,NA,NA,0.377263359313938,-0.501180192398275
115,"Honduras","HN2011DHS",2011,22757,22756.9999350009,0.429215182049415,42.9215182049414,0.00398169682114308,0.398169682114308,2005,6,9768,22757,11,NA,NA,NA,0.429215182049415,-0.285053904372198
116,"India","IA1993DHS",1993,89506,89425.4043250496,0.343732305165459,34.3732305165459,0.00193227483755092,0.193227483755092,1993,0,30738,89425,-7,NA,NA,NA,0.343732305165459,-0.646705605326168
117,"India","IA1999DHS",1999,90303,90302.999194989,0.40182330432515,40.182330432515,0.00193065168458778,0.193065168458778,1993,6,36286,90303,-1,NA,NA,NA,0.40182330432515,-0.397873737510205
118,"India","IA2006DHS",2006,124385,124384.999544947,0.37994554147927,37.994554147927,0.00180333378673777,0.180333378673777,1993,13,47260,124385,6,NA,NA,NA,0.37994554147927,-0.489779379951869
119,"India","IA2015DHS",2015,699686,699685.999903096,0.365338736252234,36.5338736252234,0.000866105170912671,0.0866105170912671,1993,22,255622,699686,15,NA,NA,NA,0.365338736252234,-0.552266445902411
120,"India","IA2019DHS",2019,724115,724102.741028907,0.426744431117534,42.6744431117534,0.000823097399503954,0.0823097399503954,1993,26,309007,724103,19,NA,NA,NA,0.426744431117534,-0.295146324200063
121,"Indonesia","ID1987DHS",1987,11884,11883.4461160009,0.403116326041942,40.3116326041942,0.00538577030051494,0.538577030051494,1987,0,4790,11883,-13,NA,NA,NA,0.403116326041942,-0.392497072891789
122,"Indonesia","ID1991DHS",1991,22909,22908.9998529946,0.435170956740703,43.5170956740703,0.00453724987996875,0.453724987996875,1987,4,9969,22909,-9,NA,NA,NA,0.435170956740703,-0.260784149173806
123,"Indonesia","ID1994DHS",1994,28168,28168.0003330008,0.484968122461848,48.4968122461848,0.00454849240308341,0.454849240308341,1987,7,13661,28168,-6,NA,NA,NA,0.484968122461848,-0.0601456349858703
124,"Indonesia","ID1997DHS",1997,28810,28810.0003089999,0.511707558621395,51.1707558621396,0.00448480816709325,0.448480816709325,1987,10,14742,28810,-3,NA,NA,NA,0.511707558621395,0.0468387958039859
125,"Indonesia","ID2003DHS",2003,29483,29482.9995030008,0.538562133014445,53.8562133014445,0.00484161538640929,0.484161538640929,1987,16,15878,29483,3,NA,NA,NA,0.538562133014445,0.154555459454506
126,"Indonesia","ID2007DHS",2007,32895,32895.0001819989,0.541897926535185,54.1897926535185,0.00434361369034135,0.434361369034135,1987,20,17826,32895,7,NA,NA,NA,0.541897926535185,0.167985629168005
127,"Indonesia","ID2012DHS",2012,45607,45606.9996010025,0.427210913839025,42.7210913839025,0.00338118310788414,0.338118310788414,1987,25,19484,45607,12,NA,NA,NA,0.427210913839025,-0.293239727279347
128,"Indonesia","ID2017DHS",2017,49627,49626.9992700021,0.413596975173288,41.3596975173288,0.00271576848607874,0.271576848607874,1987,30,20526,49627,17,NA,NA,NA,0.413596975173288,-0.349115299101778
129,"Jordan","JO1990DHS",1990,6461,6460.99809499993,0.25786307030323,25.786307030323,0.00586757176036352,0.586757176036352,1990,0,1666,6461,-10,NA,NA,NA,0.25786307030323,-1.05710505873902
130,"Jordan","JO1997DHS",1997,5548,5547.99757599971,0.36385991672613,36.385991672613,0.00673265120160892,0.673265120160892,1990,7,2019,5548,-3,NA,NA,NA,0.36385991672613,-0.558649846400854
131,"Jordan","JO2002DHS",2002,6006,6006.00009400001,0.392938815361928,39.2938815361928,0.00771672675708817,0.771672675708817,1990,12,2360,6006,2,NA,NA,NA,0.392938815361928,-0.434975670747997
132,"Jordan","JO2007DHS",2007,10876,10876.0001709998,0.400123416842496,40.0123416842496,0.00744731154414642,0.744731154414642,1990,17,4352,10876,7,NA,NA,NA,0.400123416842496,-0.404950897695694
133,"Jordan","JO2009DHS",2009,10109,10109.0000310002,0.403807227765546,40.3807227765546,0.00814725400307341,0.814725400307341,1990,19,4082,10109,9,NA,NA,NA,0.403807227765546,-0.38962645302683
134,"Jordan","JO2012DHS",2012,11352,11352.0000280002,0.403338056351874,40.3338056351874,0.00795628712689183,0.795628712689183,1990,22,4579,11352,12,NA,NA,NA,0.403338056351874,-0.39157563464439
135,"Jordan","JO2017DHS",2017,14689,14688.9996330001,0.348049210547619,34.8049210547619,0.0060374941124428,0.60374941124428,1990,27,5112,14689,17,NA,NA,NA,0.348049210547619,-0.627625203381473
136,"Jordan","JO2023DHS",2023,12595,12594.999878,0.354163935467088,35.4163935467088,0.00656736165485253,0.656736165485252,1990,33,4461,12595,23,NA,NA,NA,0.354163935467088,-0.600785801026249
137,"Kazakhstan","KK1995DHS",1995,3771,3771.00002799982,0.335815977883113,33.5815977883113,0.00918065064679384,0.918065064679384,1995,0,1266,3771,-5,NA,NA,NA,0.335815977883113,-0.681995927764681
138,"Kazakhstan","KK1999DHS",1999,4800,4800.00006600037,0.386694510932913,38.6694510932913,0.00803005994823187,0.803005994823187,1995,4,1856,4800,-1,NA,NA,NA,0.386694510932913,-0.461228158771179
139,"Kenya","KE1989DHS",1989,7150,7150.00028200017,0.146616934497061,14.6616934497061,0.00532825006888398,0.532825006888398,1989,0,1048,7150,-11,NA,NA,NA,0.146616934497061,-1.76138522922557
140,"Kenya","KE1993DHS",1993,7540,7540.0003279998,0.206850036359845,20.6850036359845,0.00525813191747475,0.525813191747475,1989,4,1560,7540,-7,NA,NA,NA,0.206850036359845,-1.34401824432593
141,"Kenya","KE1998DHS",1998,7881,7881.00014299983,0.236019871875296,23.6019871875296,0.00540860686128987,0.540860686128987,1989,9,1860,7881,-2,NA,NA,NA,0.236019871875296,-1.1746257741781
142,"Kenya","KE2003DHS",2003,8195,8194.99994200007,0.227195846269352,22.7195846269352,0.00513644544675407,0.513644544675407,1989,14,1862,8195,3,NA,NA,NA,0.227195846269352,-1.22421325337942
143,"Kenya","KE2008DHS",2008,8444,8444.0000029999,0.279599801179682,27.9599801179682,0.00715336374457414,0.715336374457414,1989,19,2361,8444,8,NA,NA,NA,0.279599801179682,-0.946447590016771
144,"Kenya","KE2014DHS",2014,31079,31079.0000409998,0.391336018274569,39.1336018274569,0.00373298283049001,0.373298283049001,1989,25,12162,31079,14,NA,NA,NA,0.391336018274569,-0.441699788587468
145,"Kenya","KE2022DHS",2022,32156,32156.000492,0.419868867938313,41.9868867938313,0.00383249310632111,0.383249310632111,1989,33,13501,32156,22,NA,NA,NA,0.419868867938313,-0.323311724415195
146,"Kyrgyz Republic","KY1997DHS",1997,3848,3847.99936499995,0.352977652843246,35.2977652843246,0.00878678147500162,0.878678147500162,1997,0,1358,3848,-3,NA,NA,NA,0.352977652843246,-0.605976085023081
147,"Kyrgyz Republic","KY2012DHS",2012,8208,8208.00015700005,0.226603802561305,22.6603802561305,0.00549794395330498,0.549794395330498,1997,15,1860,8208,12,NA,NA,NA,0.226603802561305,-1.22758833308539
148,"Lesotho","LS2004DHS",2004,7095,7094.99954000018,0.276263379574508,27.6263379574508,0.00614035965338105,0.614035965338105,2004,0,1960,7095,4,NA,NA,NA,0.276263379574508,-0.963072857749568
149,"Lesotho","LS2009DHS",2009,7624,7624.00032999996,0.348741669191401,34.8741669191401,0.00641162711919564,0.641162711919564,2004,5,2659,7624,9,NA,NA,NA,0.348741669191401,-0.62457493978728
150,"Lesotho","LS2014DHS",2014,6621,6620.99994500001,0.485295353374296,48.5295353374296,0.00737707215226912,0.737707215226912,2004,10,3213,6621,14,NA,NA,NA,0.485295353374296,-0.0588355528347696
151,"Lesotho","LS2023DHS",2023,6413,6412.99996900012,0.532158420005745,53.2158420005745,0.00832904502756296,0.832904502756296,2004,19,3413,6413,23,NA,NA,NA,0.532158420005745,0.128811492652722
152,"Liberia","LB1986DHS",1986,5239,5239.00028299966,0.0697565402288457,6.97565402288457,0.00398604586548786,0.398604586548786,1986,0,365,5239,-14,NA,NA,NA,0.0697565402288457,-2.59043515356038
153,"Liberia","LB2007DHS",2007,7092,7091.96639999997,0.117201559217765,11.7201559217765,0.00476429535054459,0.476429535054459,1986,21,831,7092,7,NA,NA,NA,0.117201559217765,-2.01920172720218
154,"Liberia","LB2013DHS",2013,9239,9238.99979699995,0.20513663011611,20.513663011611,0.00592057564127685,0.592057564127685,1986,27,1895,9239,13,NA,NA,NA,0.20513663011611,-1.35449399259819
155,"Liberia","LB2019DHS",2019,8065,8064.99973299999,0.253048793498329,25.3048793498329,0.00700324967625323,0.700324967625323,1986,33,2041,8065,19,NA,NA,NA,0.253048793498329,-1.08241753391488
156,"Madagascar","MD1992DHS",1992,6260,6260.00039000107,0.034810768598045,3.4810768598045,0.00244820671791011,0.244820671791011,1992,0,218,6260,-8,NA,NA,NA,0.034810768598045,-3.32239739544644
157,"Madagascar","MD1997DHS",1997,7060,7060.00154799967,0.0733548040292904,7.33548040292904,0.00331255632538167,0.331255632538167,1992,5,518,7060,-3,NA,NA,NA,0.0733548040292904,-2.53626275088287
158,"Madagascar","MD2004DHS",2004,7949,7949.00004600012,0.140494647822019,14.0494647822019,0.00563479672397748,0.563479672397748,1992,12,1117,7949,4,NA,NA,NA,0.140494647822019,-1.81118765763193
159,"Madagascar","MD2008DHS",2008,17375,17375.0000310003,0.229926822150918,22.9926822150918,0.00392031368096593,0.392031368096593,1992,16,3995,17375,8,NA,NA,NA,0.229926822150918,-1.20872445276283
160,"Madagascar","MD2021DHS",2021,18869,18869.0000619999,0.340949162587376,34.0949162587376,0.00402382994925005,0.402382994925005,1992,29,6433,18869,21,NA,NA,NA,0.340949162587376,-0.659067291945604
161,"Malawi","MW1992DHS",1992,4849,4848.99624100007,0.0627452911650953,6.27452911650953,0.00395171508096667,0.395171508096667,1992,0,304,4849,-8,NA,NA,NA,0.0627452911650953,-2.70387154569793
162,"Malawi","MW2000DHS",2000,13220,13220.0009659992,0.215100909395816,21.5100909395816,0.00413437665585398,0.413437665585398,1992,8,2844,13220,0,NA,NA,NA,0.215100909395816,-1.29444789847218
163,"Malawi","MW2004DHS",2004,11698,11697.890522,0.223976694778644,22.3976694778644,0.00454424869193535,0.454424869193535,1992,12,2620,11698,4,NA,NA,NA,0.223976694778644,-1.24264054695839
164,"Malawi","MW2010DHS",2010,23020,23020.0001139997,0.326244222363523,32.6244222363523,0.00394412551733977,0.394412551733977,1992,18,7510,23020,10,NA,NA,NA,0.326244222363523,-0.725221448278637
165,"Malawi","MW2015DHS",2015,24562,24561.9998020004,0.451505104445806,45.1505104445806,0.00400858688829496,0.400858688829496,1992,23,11090,24562,15,NA,NA,NA,0.451505104445806,-0.194591295159962
166,"Malawi","MW2024DHS",2024,21587,20848.9998149998,0.5296723957499,52.96723957499,0.00414308490097873,0.414308490097873,1992,32,11043,20849,24,NA,NA,NA,0.5296723957499,0.118829211993221
167,"Maldives","MV2009DHS",2009,7131,7130.99986100002,0.253733785902257,25.3733785902257,0.0062330993127116,0.62330993127116,2009,0,1809,7131,9,NA,NA,NA,0.253733785902257,-1.07879676151264
168,"Maldives","MV2016DHS",2016,7699,7698.9998690005,0.106443930762969,10.6443930762969,0.00494792119384322,0.494792119384322,2009,7,820,7699,16,NA,NA,NA,0.106443930762969,-2.12759071018903
169,"Mali","ML1987DHS",1987,3200,3199.99965999979,0.0123673466265314,1.23673466265314,0.00214369396802489,0.214369396802489,1987,0,40,3200,-13,NA,NA,NA,0.0123673466265314,-4.38025115757234
170,"Mali","ML1996DHS",1996,9704,9704.00041800008,0.0503995601744616,5.03995601744616,0.00233690851257276,0.233690851257276,1987,9,489,9704,-4,NA,NA,NA,0.0503995601744616,-2.93605885812257
171,"Mali","ML2001DHS",2001,12849,12848.9957759998,0.0690976200380076,6.90976200380076,0.00277241945332851,0.277241945332851,1987,14,888,12849,1,NA,NA,NA,0.0690976200380076,-2.6006341288499
172,"Mali","ML2006DHS",2006,14583,14582.999886,0.0622992897279105,6.22992897279105,0.00279201237350415,0.279201237350415,1987,19,909,14583,6,NA,NA,NA,0.0622992897279105,-2.71148080099495
173,"Mali","ML2012DHS",2012,10424,10423.9997900001,0.0956747832973611,9.56747832973611,0.00327012914694163,0.327012914694163,1987,25,997,10424,12,NA,NA,NA,0.0956747832973611,-2.24623428236411
174,"Mali","ML2018DHS",2018,10519,10519.000156,0.154157662796027,15.4157662796027,0.004038003854498,0.4038003854498,1987,31,1622,10519,18,NA,NA,NA,0.154157662796027,-1.7023571165019
175,"Mali","ML2023DHS",2023,17202,17346.8373319997,0.180591149097891,18.0591149097891,0.0033307718968729,0.33307718968729,1987,36,3133,17347,23,NA,NA,NA,0.180591149097891,-1.51234753527655
176,"Morocco","MA1987DHS",1987,5982,5976,0.264390896921017,26.4390896921017,0.00570481416961959,0.570481416961959,1987,0,1580,5976,-13,NA,NA,NA,0.264390896921017,-1.0232701895025
177,"Morocco","MA1992DHS",1992,9256,9256,0.19652117545376,19.652117545376,0.00413028691408441,0.413028691408441,1987,5,1819,9256,-8,NA,NA,NA,0.19652117545376,-1.40818064218518
178,"Morocco","MA2003DHS",2003,16798,16798.0003419997,0.2899759595683,28.99759595683,0.00370661704167013,0.370661704167013,1987,16,4871,16798,3,NA,NA,NA,0.2899759595683,-0.895500807721147
179,"Mozambique","MZ1997DHS",1997,8779,8778.99988200012,0.0536293690999271,5.36293690999271,0.00483499429395169,0.483499429395169,1997,0,471,8779,-3,NA,NA,NA,0.0536293690999271,-2.87053743075784
180,"Mozambique","MZ2003DHS",2003,12418,12418.0004049998,0.216111589827255,21.6111589827255,0.00461419469966332,0.461419469966332,1997,6,2684,12418,3,NA,NA,NA,0.216111589827255,-1.28847178240379
181,"Mozambique","MZ2011DHS",2011,13745,13745.0000900007,0.12080490666624,12.080490666624,0.00337241286938405,0.337241286938405,1997,14,1660,13745,11,NA,NA,NA,0.12080490666624,-1.98482991946943
182,"Mozambique","MZ2022DHS",2022,13183,13182.9999619999,0.250311161307126,25.0311161307126,0.00479693523153028,0.479693523153028,1997,25,3300,13183,22,NA,NA,NA,0.250311161307126,-1.09695344953829
183,"Namibia","NM1992DHS",1992,5421,5421.00021199965,0.21435211963797,21.435211963797,0.00572470696635984,0.572470696635984,1992,0,1162,5421,-8,NA,NA,NA,0.21435211963797,-1.29888862101836
184,"Namibia","NM2000DHS",2000,6755,6754.9998880001,0.370833849523813,37.0833849523813,0.00743973938790939,0.743973938790939,1992,8,2505,6755,0,NA,NA,NA,0.370833849523813,-0.52864125467389
185,"Namibia","NM2006DHS",2006,9804,9803.99998999998,0.456607828801105,45.6607828801105,0.00605434210240539,0.605434210240539,1992,14,4477,9804,6,NA,NA,NA,0.456607828801105,-0.174006410007977
186,"Namibia","NM2013DHS",2013,9176,9176.00018399997,0.497159535693403,49.7159535693403,0.00606393351871721,0.606393351871721,1992,21,4562,9176,13,NA,NA,NA,0.497159535693403,-0.0113619794556379
187,"Nepal","NP1996DHS",1996,8429,8428.99990299973,0.246379149590557,24.6379149590557,0.00493678364897724,0.493678364897724,1996,0,2077,8429,-4,NA,NA,NA,0.246379149590557,-1.11801778270949
188,"Nepal","NP2001DHS",2001,8726,8726.00076199946,0.338329716959989,33.8329716959989,0.00541436105580964,0.541436105580964,1996,5,2952,8726,1,NA,NA,NA,0.338329716959989,-0.670746456027456
189,"Nepal","NP2006DHS",2006,10793,10793.0004549997,0.344206081477468,34.4206081477468,0.00571421702544031,0.571421702544031,1996,10,3715,10793,6,NA,NA,NA,0.344206081477468,-0.644606038932807
190,"Nepal","NP2011DHS",2011,12674,12674.0004390013,0.331998696800698,33.1998696800698,0.00509396920221409,0.509396920221409,1996,15,4208,12674,11,NA,NA,NA,0.331998696800698,-0.699159080822219
191,"Nepal","NP2016DHS",2016,12862,12861.9998610002,0.332086543396049,33.2086543396049,0.00490652486569556,0.490652486569556,1996,20,4271,12862,16,NA,NA,NA,0.332086543396049,-0.698763001334553
192,"Nepal","NP2022DHS",2022,14845,14844.9998590004,0.327459191187039,32.7459191187039,0.0043844184945135,0.43844184945135,1996,26,4861,14845,22,NA,NA,NA,0.327459191187039,-0.719699351635932
193,"Nicaragua","NC1998DHS",1998,13634,13634.0008660002,0.38954544679869,38.954544679869,0.00473614414600093,0.473614414600093,1998,0,5311,13634,-2,NA,NA,NA,0.38954544679869,-0.449223310502292
194,"Nicaragua","NC2001DHS",2001,13060,13060.0009629998,0.43943110151825,43.943110151825,0.00517997043476027,0.517997043476027,1998,3,5739,13060,1,NA,NA,NA,0.43943110151825,-0.243471218973025
195,"Niger","NI1992DHS",1992,6503,6503.00055299948,0.023110198711375,2.3110198711375,0.00207805498276687,0.207805498276687,1992,0,150,6503,-8,NA,NA,NA,0.023110198711375,-3.74409982998092
196,"Niger","NI1998DHS",1998,7577,7577.00038199985,0.0441174128477172,4.41174128477172,0.00248943302942166,0.248943302942166,1992,6,334,7577,-2,NA,NA,NA,0.0441174128477172,-3.07578053504752
197,"Niger","NI2006DHS",2006,9223,9222.999958,0.0454098738921408,4.54098738921408,0.00259250508778971,0.259250508778971,1992,14,419,9223,6,NA,NA,NA,0.0454098738921408,-3.04555249302033
198,"Niger","NI2012DHS",2012,11160,11160.000092,0.109933234846429,10.9933234846429,0.00345253883875432,0.345253883875432,1992,20,1227,11160,12,NA,NA,NA,0.109933234846429,-2.0914232513605
199,"Nigeria","NG1990DHS",1990,8781,8778.14204799995,0.0375147532586388,3.75147532586388,0.00275661964478395,0.275661964478395,1990,0,329,8778,-10,NA,NA,NA,0.0375147532586388,-3.24478446214625
200,"Nigeria","NG2003DHS",2003,7620,7620.00013899997,0.0892770221247372,8.92770221247372,0.0041218125431159,0.41218125431159,1990,13,680,7620,3,NA,NA,NA,0.0892770221247372,-2.32249462152028
201,"Nigeria","NG2008DHS",2008,33385,33384.9998909989,0.10487774993056,10.487774993056,0.00181186048694529,0.181186048694529,1990,18,3501,33385,8,NA,NA,NA,0.10487774993056,-2.14416491572937
202,"Nigeria","NG2013DHS",2013,38948,38947.9995570011,0.111490759843644,11.1490759843644,0.00188020687150703,0.188020687150703,1990,23,4342,38948,13,NA,NA,NA,0.111490759843644,-2.07560333115771
203,"Nigeria","NG2018DHS",2018,41821,41821.0001899993,0.105127759547257,10.5127759547257,0.00182530558741644,0.182530558741644,1990,28,4397,41821,18,NA,NA,NA,0.105127759547257,-2.14150459188703
204,"Nigeria","NG2024DHS",2024,39050,39050.0003269998,0.13104165101535,13.104165101535,0.00201445692303328,0.201445692303328,1990,34,5117,39050,24,NA,NA,NA,0.13104165101535,-1.89177997494581
205,"Pakistan","PK1991DHS",1991,6611,6611.00025199993,0.0867779628092513,8.67779628092513,0.00463197202938764,0.463197202938764,1991,0,574,6611,-9,NA,NA,NA,0.0867779628092513,-2.35362634145232
206,"Pakistan","PK2006DHS",2006,10023,10022.9999799999,0.207331825915061,20.7331825915061,0.00476119931429177,0.476119931429177,1991,15,2078,10023,6,NA,NA,NA,0.207331825915061,-1.34108415674744
207,"Pakistan","PK2012DHS",2012,13558,13557.9999990001,0.249036534462976,24.9036534462976,0.00508442416967607,0.508442416967607,1991,21,3376,13558,12,NA,NA,NA,0.249036534462976,-1.10375739237457
208,"Pakistan","PK2017DHS",2017,15068,12364.0000380001,0.243493277721387,24.3493277721387,0.00520457672316847,0.520457672316847,1991,26,3011,12364,17,NA,NA,NA,0.243493277721387,-1.13362208396698
209,"Peru","PE1986DHS",1986,4999,4999,0.141428285657131,14.1428285657131,0.00492850110675397,0.492850110675397,1986,0,707,4999,-14,NA,NA,NA,0.141428285657131,-1.80347743785402
210,"Peru","PE1992DHS",1992,15882,15882.0003300013,0.198573892612418,19.8573892612418,0.00338243796892799,0.338243796892799,1986,6,3154,15882,-8,NA,NA,NA,0.198573892612418,-1.3952314890638
211,"Peru","PE1996DHS",1996,28951,28950.9999409985,0.263510980399555,26.3510980399555,0.00328513835423455,0.328513835423455,1986,10,7629,28951,-4,NA,NA,NA,0.263510980399555,-1.02779928843999
212,"Peru","PE2000DHS",2000,27843,27842.9996759975,0.320057877373111,32.0057877373111,0.0035752617492591,0.35752617492591,1986,14,8911,27843,0,NA,NA,NA,0.320057877373111,-0.753505834533464
213,"Peru","PE2004DHS",2004,41648,40552.1726009964,0.320775367006616,32.0775367006616,0.00322679616273096,0.322679616273096,1986,18,13008,40552,4,NA,NA,NA,0.320775367006616,-0.75021081509241
214,"Peru","PE2007DHS",2007,41648,40552.1726009964,0.320775367006616,32.0775367006616,0.00322679616273096,0.322679616273096,1986,21,13008,40552,7,NA,NA,NA,0.320775367006616,-0.75021081509241
215,"Peru","PE2009DHS",2009,24212,24212.5190520011,0.341676620728,34.1676620728,0.0040982863664798,0.40982863664798,1986,23,8273,24213,9,NA,NA,NA,0.341676620728,-0.655831532141573
216,"Peru","PE2010DHS",2010,22947,22946.999931,0.346999993852924,34.6999993852924,0.00419782857308303,0.419782857308303,1986,24,7963,22947,10,NA,NA,NA,0.346999993852924,-0.632252376458081
217,"Peru","PE2011DHS",2011,22517,22516.9996940003,0.353383311726036,35.3383311726036,0.00427494319910605,0.427494319910605,1986,25,7957,22517,11,NA,NA,NA,0.353383311726036,-0.604200337511879
218,"Peru","PE2012DHS",2012,23888,23887.9938640009,0.360555286853936,36.0555286853936,0.00420485431244737,0.420485431244737,1986,26,8613,23888,12,NA,NA,NA,0.360555286853936,-0.57295485747235
219,"Philippines","PH1993DHS",1993,15029,15029.0006860022,0.151198116859262,15.1198116859262,0.00301541027356556,0.301541027356556,1993,0,2272,15029,-7,NA,NA,NA,0.151198116859262,-1.72523479685577
220,"Philippines","PH1998DHS",1998,13983,13982.9921220017,0.171824611430595,17.1824611430595,0.00353249333039743,0.353249333039743,1993,5,2403,13983,-2,NA,NA,NA,0.171824611430595,-1.57275069831809
221,"Philippines","PH2003DHS",2003,13633,13632.99987,0.216170897535556,21.6170897535556,0.00370645766108832,0.370645766108832,1993,10,2947,13633,3,NA,NA,NA,0.216170897535556,-1.28812172788775
222,"Philippines","PH2008DHS",2008,13594,13593.9999559997,0.218159679902832,21.8159679902832,0.00377540209373237,0.377540209373237,1993,15,2966,13594,8,NA,NA,NA,0.218159679902832,-1.27642325416817
223,"Philippines","PH2013DHS",2013,16155,16155.0006689996,0.235464760351234,23.5464760351234,0.00348229936753708,0.348229936753708,1993,20,3804,16155,13,NA,NA,NA,0.235464760351234,-1.17770685464932
224,"Philippines","PH2017DHS",2017,25074,25073.9998270007,0.249134840516079,24.9134840516079,0.00447078677803176,0.447078677803177,1993,24,6247,25074,17,NA,NA,NA,0.249134840516079,-1.10323180961771
225,"Philippines","PH2022DHS",2022,27821,27821.0002180002,0.242636996948533,24.2636996948533,0.00380639203840592,0.380639203840592,1993,29,6750,27821,22,NA,NA,NA,0.242636996948533,-1.1382761802384
226,"Rwanda","RW1992DHS",1992,6551,6550.99963799906,0.0855105973065056,8.55105973065056,0.00360713368596287,0.360713368596287,1992,0,560,6551,-8,NA,NA,NA,0.0855105973065056,-2.36972556630826
227,"Rwanda","RW2000DHS",2000,10421,10421.0004170007,0.0335981425956772,3.35981425956772,0.00190395806071619,0.190395806071619,1992,8,350,10421,0,NA,NA,NA,0.0335981425956772,-3.35910896361104
228,"Rwanda","RW2005DHS",2005,11321,11321.0001709999,0.0564705370853765,5.64705370853765,0.00229103424254063,0.229103424254063,1992,13,639,11321,5,NA,NA,NA,0.0564705370853765,-2.81590855695008
229,"Rwanda","RW2008DHS",2008,7313,7312.99992400007,0.162691132963833,16.2691132963833,0.00469979817242898,0.469979817242898,1992,16,1190,7313,8,NA,NA,NA,0.162691132963833,-1.63833950574965
230,"Rwanda","RW2010DHS",2010,13671,13670.9999139999,0.252333959381226,25.2333959381226,0.00379865803225885,0.379865803225885,1992,18,3450,13671,10,NA,NA,NA,0.252333959381226,-1.08620296271468
231,"Rwanda","RW2015DHS",2015,13497,13497.0000549999,0.277623529208769,27.7623529208769,0.00403659217443864,0.403659217443864,1992,23,3747,13497,15,NA,NA,NA,0.277623529208769,-0.956280446246975
232,"Rwanda","RW2019DHS",2019,14634,14633.9998109996,0.351298453354893,35.1298453354893,0.00421040709484416,0.421040709484416,1992,27,5141,14634,19,NA,NA,NA,0.351298453354893,-0.613336587809915
233,"Senegal","SN1986DHS",1986,4415,4414,0.026506570004531,2.6506570004531,0.00241783753000603,0.241783753000603,1986,0,117,4414,-14,NA,NA,NA,0.026506570004531,-3.60349844897724
234,"Senegal","SN1993DHS",1993,6310,6310,0.045324881141046,4.5324881141046,0.00261867413889859,0.261867413889859,1986,7,286,6310,-7,NA,NA,NA,0.045324881141046,-3.04751495865988
235,"Senegal","SN1997DHS",1997,8593,8593.00013099995,0.0701162508803416,7.01162508803416,0.00319118030620085,0.319118030620085,1986,11,603,8593,-3,NA,NA,NA,0.0701162508803416,-2.58490498595803
236,"Senegal","SN2005DHS",2005,14602,14602.0000530004,0.0762334454156687,7.62334454156687,0.00274925967099063,0.274925967099063,1986,19,1113,14602,5,NA,NA,NA,0.0762334454156687,-2.49465911055423
237,"Senegal","SN2010DHS",2010,15688,15688.0000189994,0.0885727636612167,8.85727636612167,0.00297079775265985,0.297079775265985,1986,24,1390,15688,10,NA,NA,NA,0.0885727636612167,-2.33118735998579
238,"Senegal","SN2012DHS",2012,8636,8635.99986900021,0.113844487947383,11.3844487947383,0.0044578998007298,0.44578998007298,1986,26,983,8636,12,NA,NA,NA,0.113844487947383,-2.05205908041211
239,"Senegal","SN2014DHS",2014,8488,8487.99986500004,0.147453001638331,14.7453001638331,0.00573891289067613,0.573891289067613,1986,28,1252,8488,14,NA,NA,NA,0.147453001638331,-1.75471884563594
240,"Senegal","SN2015DHS",2015,8851,8851.00021599977,0.153329659347061,15.3329659347061,0.00508832312032119,0.508832312032119,1986,29,1357,8851,15,NA,NA,NA,0.153329659347061,-1.70872117094099
241,"Senegal","SN2016DHS",2016,8865,8864.99972599965,0.16565616552621,16.565616552621,0.00547949188726261,0.547949188726261,1986,30,1469,8865,16,NA,NA,NA,0.16565616552621,-1.61673124069575
242,"Senegal","SN2017DHS",2017,16787,16786.9999320001,0.188688380879896,18.8688380879896,0.00377178950727844,0.377178950727844,1986,31,3168,16787,17,NA,NA,NA,0.188688380879896,-1.45855534499053
243,"Senegal","SN2018DHS",2018,9414,9413.99975999977,0.181928478506786,18.1928478506786,0.00542901854577713,0.542901854577713,1986,32,1713,9414,18,NA,NA,NA,0.181928478506786,-1.5033361327645
244,"Senegal","SN2019DHS",2019,8649,8648.99969199995,0.179026070428956,17.9026070428956,0.00556127571477168,0.556127571477168,1986,33,1548,8649,19,NA,NA,NA,0.179026070428956,-1.5229599143771
245,"Senegal","SN2023DHS",2023,16583,16582.9994840005,0.174527653745172,17.4527653745172,0.00391782025482545,0.391782025482545,1986,37,2894,16583,23,NA,NA,NA,0.174527653745172,-1.55387256013947
246,"Sierra Leone","SL2008DHS",2008,7374,7373.99976999996,0.0819343482295773,8.19343482295773,0.00367971503867354,0.367971503867354,2008,0,604,7374,8,NA,NA,NA,0.0819343482295773,-2.41635060891194
247,"Sierra Leone","SL2013DHS",2013,16658,16657.9998699998,0.208791444959953,20.8791444959953,0.00380699793189779,0.380699793189779,2008,5,3478,16658,13,NA,NA,NA,0.208791444959953,-1.33222571023517
248,"Sierra Leone","SL2019DHS",2019,15574,15574.000548,0.239284596691412,23.9284596691412,0.00397474449169966,0.397474449169966,2008,11,3727,15574,19,NA,NA,NA,0.239284596691412,-1.15660568600969
249,"South Africa","ZA1998DHS",1998,11735,11735.0005370009,0.493384897916658,49.3384897916658,0.00537256987067585,0.537256987067585,1998,0,5790,11735,-2,NA,NA,NA,0.493384897916658,-0.0264619523571801
250,"South Africa","ZA2016DHS",2016,8514,8513.99990699994,0.478773473282353,47.8773473282353,0.00690942346891972,0.690942346891972,1998,18,4076,8514,16,NA,NA,NA,0.478773473282353,-0.0849571697753414
251,"Tajikistan","TJ2012DHS",2012,9656,9655.99984800002,0.175226494784014,17.5226494784014,0.00435320674457866,0.435320674457866,2012,0,1692,9656,12,NA,NA,NA,0.175226494784014,-1.54902941650482
252,"Tajikistan","TJ2017DHS",2017,10718,10718.000007,0.197353364957878,19.7353364957878,0.00442233528151002,0.442233528151002,2012,5,2115,10718,17,NA,NA,NA,0.197353364957878,-1.40291870843151
253,"Tajikistan","TJ2023DHS",2023,9879,9879.00016400036,0.211965619115048,21.1965619115048,0.00459988828759668,0.459988828759668,2012,11,2094,9879,23,NA,NA,NA,0.211965619115048,-1.31311763193599
254,"Tanzania","TZ1992DHS",1992,9238,9237.99969600014,0.0589708378358006,5.89708378358006,0.00306106705774967,0.306106705774967,1992,0,545,9238,-8,NA,NA,NA,0.0589708378358006,-2.76993108197279
255,"Tanzania","TZ1996DHS",1996,8120,8120.00025299978,0.117448221217442,11.7448221217442,0.00384097599825564,0.384097599825564,1992,4,954,8120,-4,NA,NA,NA,0.117448221217442,-2.01681989395711
256,"Tanzania","TZ1999DHS",1999,4029,4029.00013199997,0.15626925648361,15.626925648361,0.00788748676441088,0.788748676441088,1992,7,630,4029,-1,NA,NA,NA,0.15626925648361,-1.6862528969092
257,"Tanzania","TZ2004DHS",2004,10329,10328.999933,0.175908316370013,17.5908316370013,0.00448047279123342,0.448047279123342,1992,12,1817,10329,4,NA,NA,NA,0.175908316370013,-1.54431886066976
258,"Tanzania","TZ2010DHS",2010,10139,10138.999809,0.235940254666593,23.5940254666593,0.00517122587698917,0.517122587698917,1992,18,2392,10139,10,NA,NA,NA,0.235940254666593,-1.17506737202392
259,"Tanzania","TZ2015DHS",2015,13266,13266.0000159998,0.271209644554551,27.1209644554551,0.00468472138792415,0.468472138792415,1992,23,3598,13266,15,NA,NA,NA,0.271209644554551,-0.988493994435279
260,"Tanzania","TZ2022DHS",2022,15254,15254.0000490004,0.25425034401086,25.425034401086,0.00437491526839682,0.437491526839682,1992,30,3878,15254,22,NA,NA,NA,0.25425034401086,-1.07607057413011
261,"Timor-Leste","TL2009DHS",2009,13137,13137.0001740005,0.128256025095789,12.8256025095789,0.00329943646569628,0.329943646569628,2009,0,1685,13137,9,NA,NA,NA,0.128256025095789,-1.91646731178507
262,"Timor-Leste","TL2016DHS",2016,12607,12606.9996969999,0.148053999037072,14.8053999037072,0.00383455848460705,0.383455848460705,2009,7,1867,12607,16,NA,NA,NA,0.148053999037072,-1.7499460800912
263,"Togo","TG1988DHS",1988,3360,3360,0.0342261904761905,3.42261904761905,0.00313651489760217,0.313651489760217,1988,0,115,3360,-12,NA,NA,NA,0.0342261904761905,-3.33993850077494
264,"Togo","TG1998DHS",1998,8569,8569.00075599951,0.0786278602587667,7.86278602587667,0.00321250525872901,0.321250525872901,1988,10,674,8569,-2,NA,NA,NA,0.0786278602587667,-2.46113792231855
265,"Togo","TG2013DHS",2013,9480,9479.9998820003,0.167395012737612,16.7395012737612,0.00421822783473891,0.421822783473891,1988,25,1587,9480,13,NA,NA,NA,0.167395012737612,-1.6042029596048
266,"Turkey","TR1993DHS",1993,6519,6519.00134600015,0.332834579077257,33.2834579077257,0.00605895528982157,0.605895528982157,1993,0,2170,6519,-7,NA,NA,NA,0.332834579077257,-0.695392415520506
267,"Turkey","TR2003DHS",2003,8075,8075.00106799956,0.405029328350316,40.5029328350316,0.00631161766171905,0.631161766171905,1993,10,3271,8075,3,NA,NA,NA,0.405029328350316,-0.38455263282126
268,"Turkey","TR2008DHS",2008,7405,7404.99988499985,0.437983849070646,43.7983849070646,0.00708200376759246,0.708200376759246,1993,15,3243,7405,8,NA,NA,NA,0.437983849070646,-0.249348552360571
269,"Turkey","TR2013DHS",2013,9746,9746.00001499999,0.331523806384891,33.1523806384891,0.00579737588115321,0.579737588115321,1993,20,3231,9746,13,NA,NA,NA,0.331523806384891,-0.701301163082769
270,"Turkey","TR2018DHS",2018,7346,7346.00046800009,0.330166551386061,33.0166551386061,0.00648563074049248,0.648563074049248,1993,25,2425,7346,18,NA,NA,NA,0.330166551386061,-0.70743186901294
271,"Uganda","UG1988DHS",1988,4730,4730.00005600016,0.0265427899605919,2.65427899605919,0.00258568199733508,0.258568199733508,1988,0,126,4730,-12,NA,NA,NA,0.0265427899605919,-3.60209572284963
272,"Uganda","UG1995DHS",1995,7070,7070.00022600023,0.074080904138288,7.4080904138288,0.00359829814321671,0.359829814321671,1988,7,524,7070,-5,NA,NA,NA,0.074080904138288,-2.52562906619551
273,"Uganda","UG2000DHS",2000,7246,7245.99972699975,0.164846787607398,16.4846787607398,0.00493721804123911,0.493721804123911,1988,12,1194,7246,0,NA,NA,NA,0.164846787607398,-1.62259871334778
274,"Uganda","UG2006DHS",2006,8531,8530.9997910001,0.154446139641218,15.4446139641218,0.00428001571179899,0.428001571179899,1988,18,1318,8531,6,NA,NA,NA,0.154446139641218,-1.70014644386308
275,"Uganda","UG2011DHS",2011,8674,8673.99991999991,0.206782640251628,20.6782640251628,0.00522021859046998,0.522021859046998,1988,23,1794,8674,11,NA,NA,NA,0.206782640251628,-1.34442908763408
276,"Uganda","UG2016DHS",2016,18506,18506.0002089997,0.272883816057891,27.2883816057891,0.00377369915365877,0.377369915365877,1988,28,5050,18506,16,NA,NA,NA,0.272883816057891,-0.980040155221401
277,"Vietnam","VN1997DHS",1997,5664,5339.61825899994,0.557838337596423,55.7838337596423,0.00757605051711139,0.757605051711139,1997,0,2979,5340,-3,NA,NA,NA,0.557838337596423,0.232393635584918
278,"Vietnam","VN2002DHS",2002,5665,5338.08231499997,0.566804037565693,56.6804037565693,0.00767296670442477,0.767296670442477,1997,5,3026,5338,2,NA,NA,NA,0.566804037565693,0.268823436474662
279,"Yemen","YE1991DHS",1991,5687,5686.9993959997,0.057225911827759,5.7225911827759,0.00325190649512245,0.325190649512245,1991,0,325,5687,-9,NA,NA,NA,0.057225911827759,-2.80181988698481
280,"Yemen","YE2013DHS",2013,25434,16563.900947,0.274062929893469,27.4062929893469,0.00428322399223509,0.428322399223509,1991,22,4540,16564,13,NA,NA,NA,0.274062929893469,-0.97410557961207
281,"Zambia","ZM1992DHS",1992,7060,7060.00039499941,0.0698366704553198,6.98366704553198,0.00309338188888877,0.309338188888877,1992,0,493,7060,-8,NA,NA,NA,0.0698366704553198,-2.58920095739167
282,"Zambia","ZM1996DHS",1996,8021,8021.00048400033,0.112324963300669,11.2324963300669,0.00367029579435188,0.367029579435188,1992,4,901,8021,-4,NA,NA,NA,0.112324963300669,-2.06720959812168
283,"Zambia","ZM2002DHS",2002,7658,7658.00014699964,0.188466234042248,18.8466234042248,0.00472976091647956,0.472976091647956,1992,10,1443,7658,2,NA,NA,NA,0.188466234042248,-1.46000713430925
284,"Zambia","ZM2007DHS",2007,7146,7145.99935399992,0.245628738129889,24.5628738129889,0.00558485069414295,0.558485069414295,1992,15,1755,7146,7,NA,NA,NA,0.245628738129889,-1.12206343521492
285,"Zambia","ZM2013DHS",2013,16411,16411.0003279999,0.324515146764915,32.4515146764915,0.00440648403252371,0.440648403252371,1992,21,5326,16411,13,NA,NA,NA,0.324515146764915,-0.733098521810344
286,"Zambia","ZM2018DHS",2018,13683,13682.9998809996,0.340928017727879,34.0928017727879,0.00496160033731582,0.496160033731582,1992,26,4665,13683,18,NA,NA,NA,0.340928017727879,-0.659161394791951
287,"Zambia","ZM2024DHS",2024,13951,13951.0000190003,0.384288593842627,38.4288593842627,0.00444491323896503,0.444491323896503,1992,32,5361,13951,24,NA,NA,NA,0.384288593842627,-0.471384540473702
288,"Zimbabwe","ZW1988DHS",1988,4201,4201,0.272078076648417,27.2078076648417,0.00686614283031409,0.686614283031409,1988,0,1143,4201,-12,NA,NA,NA,0.272078076648417,-0.984104722694197
289,"Zimbabwe","ZW1994DHS",1994,6128,6128.00067799947,0.310678739288518,31.0678739288518,0.00632955149040672,0.632955149040672,1988,6,1904,6128,-6,NA,NA,NA,0.310678739288518,-0.796948047699005
290,"Zimbabwe","ZW1999DHS",1999,5907,5906.99993099982,0.355737944226511,35.5737944226511,0.00686217940358848,0.686217940358848,1988,11,2101,5907,-1,NA,NA,NA,0.355737944226511,-0.593911214172761
291,"Zimbabwe","ZW2005DHS",2005,8907,8906.99981599976,0.390516064764234,39.0516064764234,0.00607515530132998,0.607515530132998,1988,17,3478,8907,5,NA,NA,NA,0.390516064764234,-0.445143483896101
292,"Zimbabwe","ZW2010DHS",2010,9171,9170.99988999984,0.405160782855497,40.5160782855497,0.00564700397466234,0.564700397466234,1988,22,3716,9171,10,NA,NA,NA,0.405160782855497,-0.384007162712267
293,"Zimbabwe","ZW2015DHS",2015,9955,9954.99997999999,0.478755957265201,47.8755957265201,0.00579722321818781,0.579722321818781,1988,27,4766,9955,15,NA,NA,NA,0.478755957265201,-0.0850273604503355
